Dumb_Puppy_Brain_Drain_07e5658d_seg0000|it has come to my attention that you are thinking just a little bit too much. And don't worry, my sweet pet.|it has come to my attention that you are thinking just a little bit too much. and don't worry, my sweet pet.
Dumb_Puppy_Brain_Drain_07e5658d_seg0001|I know you like to let your mind wander and you like to believe that you are the one in control, but...|i know you like to let your mind wander and you like to believe that you are the one in control, but...
Dumb_Puppy_Brain_Drain_07e5658d_seg0002|I am here to tell you that you are wrong for some reason.|i am here to tell you that you are wrong for some reason.
Dumb_Puppy_Brain_Drain_07e5658d_seg0003|Recently, you've been misguided into thinking that your opinions and anything else is important, but I'm happy to remind you.|recently, you've been misguided into thinking that your opinions and anything else is important, but i'm happy to remind you.
Dumb_Puppy_Brain_Drain_07e5658d_seg0004|of the truth. So lay down.|of the truth. so lay down.
Dumb_Puppy_Brain_Drain_07e5658d_seg0005|And listen close. We are going to try a little exercise to help get you back to the way you are supposed to be.|and listen close. we are going to try a little exercise to help get you back to the way you are supposed to be.
Dumb_Puppy_Brain_Drain_07e5658d_seg0006|into a nice meditative state that gets you into the headspace that you deserve to be in. Are you ready?|into a nice meditative state that gets you into the headspace that you deserve to be in. are you ready?
Dumb_Puppy_Brain_Drain_07e5658d_seg0007|a dog. Let's begin.|a dog. let's begin.
Dumb_Puppy_Brain_Drain_07e5658d_seg0008|I'm going to assume that you are already familiar with the process of being hypnotized or that you have entered a hypnotic state of some kind before.|i'm going to assume that you are already familiar with the process of being hypnotized or that you have entered a hypnotic state of some kind before.
Dumb_Puppy_Brain_Drain_07e5658d_seg0009|Just think of it as listening to an audiobook or something else that sort of immerses you. And when you're given a command, just...|just think of it as listening to an audiobook or something else that sort of immerses you. and when you're given a command, just...
Dumb_Puppy_Brain_Drain_07e5658d_seg0010|play along. It's really that simple just to dumb it down for you.|play along. it's really that simple just to dumb it down for you.
Dumb_Puppy_Brain_Drain_07e5658d_seg0011|Imagine that I gave you.|imagine that i gave you.
Dumb_Puppy_Brain_Drain_07e5658d_seg0012|very special collar. And this collar controls how dumb you feel. The more you hear the clicks, the lower your IQ becomes.|very special collar. and this collar controls how dumb you feel. the more you hear the clicks, the lower your iq becomes.
Dumb_Puppy_Brain_Drain_07e5658d_seg0013|feeding it a higher frequency or more of a disruptive note.|feeding it a higher frequency or more of a disruptive note.
Dumb_Puppy_Brain_Drain_07e5658d_seg0014|That will scramble your brain to the point of being unable to think. When I use the clicker,|that will scramble your brain to the point of being unable to think. when i use the clicker,
Dumb_Puppy_Brain_Drain_07e5658d_seg0015|and the collar buzzes a little bit more. It goes up by one notch, and when I snap, that collar goes all the way back down to zero.|and the collar buzzes a little bit more. it goes up by one notch, and when i snap, that collar goes all the way back down to zero.
Dumb_Puppy_Brain_Drain_07e5658d_seg0016|to that state of being clear-headed and aware. Does that make sense?|to that state of being clear-headed and aware. does that make sense?
Dumb_Puppy_Brain_Drain_07e5658d_seg0017|You feel yourself getting dumber, feeling stupid, like your mind starts to slow and you need to hold on to everything that I have to tell you.|you feel yourself getting dumber, feeling stupid, like your mind starts to slow and you need to hold on to everything that i have to tell you.
Dumb_Puppy_Brain_Drain_07e5658d_seg0018|feeling your mind start to get dumber and dumber with every click.|feeling your mind start to get dumber and dumber with every click.
Dumb_Puppy_Brain_Drain_07e5658d_seg0019|feeling like you can't think so well. Your brain starts to slow. Maybe a smile grows on your face. Maybe you start to feel good. You start to feel bliss. You start to feel...|feeling like you can't think so well. your brain starts to slow. maybe a smile grows on your face. maybe you start to feel good. you start to feel bliss. you start to feel...
Dumb_Puppy_Brain_Drain_07e5658d_seg0020|dumber and dumber, so stupid, so mindless, so easy. This process comes so simply to you finding the sound of my voice, so reassuring.|dumber and dumber, so stupid, so mindless, so easy. this process comes so simply to you finding the sound of my voice, so reassuring.
Dumb_Puppy_Brain_Drain_07e5658d_seg0021|and so easy to listen to as you feel so very good by listening to the sound of my voice feeling dumber.|and so easy to listen to as you feel so very good by listening to the sound of my voice feeling dumber.
Dumb_Puppy_Brain_Drain_07e5658d_seg0022|With every click, every single time that I do that, you feel your mind start to slow a little bit more, like there's no room in your head for your own thoughts, only for what I have to tell you, following orders.|with every click, every single time that i do that, you feel your mind start to slow a little bit more, like there's no room in your head for your own thoughts, only for what i have to tell you, following orders.
Dumb_Puppy_Brain_Drain_07e5658d_seg0023|makes you feel so good, it makes you feel obedient, and that in turn makes you feel even dumber than you used to be.|makes you feel so good, it makes you feel obedient, and that in turn makes you feel even dumber than you used to be.
Dumb_Puppy_Brain_Drain_07e5658d_seg0024|feeling your mind start to slow and your body start to obey in ways that you can't even imagine, feeling this nice warm bliss, maybe your body starts to feel heavy, maybe your hands are|feeling your mind start to slow and your body start to obey in ways that you can't even imagine, feeling this nice warm bliss, maybe your body starts to feel heavy, maybe your hands are
Dumb_Puppy_Brain_Drain_07e5658d_seg0025|drawn to your puppy parts or any particular area that gives you pleasure. Feeling so very good as you listen to the sound of my voice, your mind starts to swirl and your thoughts start to slow as|drawn to your puppy parts or any particular area that gives you pleasure. feeling so very good as you listen to the sound of my voice, your mind starts to swirl and your thoughts start to slow as
Dumb_Puppy_Brain_Drain_07e5658d_seg0026|You just become a vessel for my command as you let me be in control of your body. Like a very good dog, you find yourself feeling so dumb and so simple.|you just become a vessel for my command as you let me be in control of your body. like a very good dog, you find yourself feeling so dumb and so simple.
Dumb_Puppy_Brain_Drain_07e5658d_seg0027|you feel happy and you feel relieved and when you hear the snap|you feel happy and you feel relieved and when you hear the snap
Dumb_Puppy_Brain_Drain_07e5658d_seg0028|back to that awareness. Maybe it comes slowly. Maybe it's an instant thing as you feel yourself realizing that maybe you were starting to drool there. Maybe you...|back to that awareness. maybe it comes slowly. maybe it's an instant thing as you feel yourself realizing that maybe you were starting to drool there. maybe you...
Dumb_Puppy_Brain_Drain_07e5658d_seg0029|almost lost control of your body as I took over, but now that feeling has returned as you're all the way back to zero on that scale, and that scale can rise whenever I decide.|almost lost control of your body as i took over, but now that feeling has returned as you're all the way back to zero on that scale, and that scale can rise whenever i decide.
Dumb_Puppy_Brain_Drain_07e5658d_seg0030|as long as you are willing to obey. Every time you hear me use that clicker, your mind starts to get a little bit slower as it creeps slowly and slower, but it...|as long as you are willing to obey. every time you hear me use that clicker, your mind starts to get a little bit slower as it creeps slowly and slower, but it...
Dumb_Puppy_Brain_Drain_07e5658d_seg0031|begins to build.|begins to build.
Dumb_Puppy_Brain_Drain_07e5658d_seg0032|Every time you hear that clicker, this begins to snowball in a direction that you find yourself unable to control soon enough. Maybe you can start to fight it at first, but feeling so.|every time you hear that clicker, this begins to snowball in a direction that you find yourself unable to control soon enough. maybe you can start to fight it at first, but feeling so.
Dumb_Puppy_Brain_Drain_07e5658d_seg0033|Feeling yourself get dumber and dumber feels so nice. That smile that grows on your face is just too perfect for you. Feeling yourself just lose all of those human attributes.|feeling yourself get dumber and dumber feels so nice. that smile that grows on your face is just too perfect for you. feeling yourself just lose all of those human attributes.
Dumb_Puppy_Brain_Drain_07e5658d_seg0034|As they just fade away, feeling your mind get so dumb you might even lose the ability to speak on your own. Well, speak like a human anyways. Maybe you'll begin to start speaking like a dog.|as they just fade away, feeling your mind get so dumb you might even lose the ability to speak on your own. well, speak like a human anyways. maybe you'll begin to start speaking like a dog.
Dumb_Puppy_Brain_Drain_07e5658d_seg0035|you'll start to bark and whine and whimper as those are the only ways of communication that make sense in that little pea brain of yours as you feel yourself getting dumber and dumber feelings.|you'll start to bark and whine and whimper as those are the only ways of communication that make sense in that little pea brain of yours as you feel yourself getting dumber and dumber feelings.
Dumb_Puppy_Brain_Drain_07e5658d_seg0036|so good as you go deeper down the spiral of hypnosis.|so good as you go deeper down the spiral of hypnosis.
Dumb_Puppy_Brain_Drain_07e5658d_seg0037|Feeling this trance that's creeped up on you without even realizing, knowing that this is a feeling that you've gotten very good at experiencing, knowing that I am your leash holder and that I can.|feeling this trance that's creeped up on you without even realizing, knowing that this is a feeling that you've gotten very good at experiencing, knowing that i am your leash holder and that i can.
Dumb_Puppy_Brain_Drain_07e5658d_seg0038|can bring you there and that you love that feeling so much and the only thing you love more than that feeling is the anticipation of knowing you're about to get dumber|can bring you there and that you love that feeling so much and the only thing you love more than that feeling is the anticipation of knowing you're about to get dumber
Dumb_Puppy_Brain_Drain_07e5658d_seg0039|and dumber.|and dumber.
Dumb_Puppy_Brain_Drain_07e5658d_seg0040|and dumber, like a very, very good dog, feeling so good. It's so nice to experience this clicker in a brand new context, feeling your mind slow and feel dumber.|and dumber, like a very, very good dog, feeling so good. it's so nice to experience this clicker in a brand new context, feeling your mind slow and feel dumber.
Dumb_Puppy_Brain_Drain_07e5658d_seg0041|dumb and stupid, knowing there's no thoughts in your head, just what I have to tell you, and that makes you feel so very good, feeling so stupid for me, like a good dog, just so.|dumb and stupid, knowing there's no thoughts in your head, just what i have to tell you, and that makes you feel so very good, feeling so stupid for me, like a good dog, just so.
Dumb_Puppy_Brain_Drain_07e5658d_seg0042|empty-headed, feeling so blissed out, finding yourself in that headspace that makes you feel relaxed, knowing that you have absolutely no control over this situation, makes you start to feel|empty-headed, feeling so blissed out, finding yourself in that headspace that makes you feel relaxed, knowing that you have absolutely no control over this situation, makes you start to feel
Dumb_Puppy_Brain_Drain_07e5658d_seg0043|huffy and buzzy and dizzy and happy. And, of course, it makes you feel|huffy and buzzy and dizzy and happy. and, of course, it makes you feel
Dumb_Puppy_Brain_Drain_07e5658d_seg0044|dumber and dumber and wide awake and alert and aware|dumber and dumber and wide awake and alert and aware
Dumb_Puppy_Brain_Drain_07e5658d_seg0045|like you're back to a level playing field like you're normal, back here with me, as an equal, but just for a moment. I'm sure if you're anything like me, you've already had the thought,|like you're back to a level playing field like you're normal, back here with me, as an equal, but just for a moment. i'm sure if you're anything like me, you've already had the thought,
Dumb_Puppy_Brain_Drain_07e5658d_seg0046|we take this to the extreme? How much further can this really go? So, maybe just for a moment.|we take this to the extreme? how much further can this really go? so, maybe just for a moment.
Dumb_Puppy_Brain_Drain_07e5658d_seg0047|Well...|well...
Dumb_Puppy_Brain_Drain_07e5658d_seg0048|try and push you past this little mundane experiment into something twice as intense. Get ready, say bye-bye to your human thoughts.|try and push you past this little mundane experiment into something twice as intense. get ready, say bye-bye to your human thoughts.
Dumb_Puppy_Brain_Drain_07e5658d_seg0049|No more thinking, no more thoughts in that little puppy head of yours. Nothing going on in there.|no more thinking, no more thoughts in that little puppy head of yours. nothing going on in there.
Dumb_Puppy_Brain_Drain_07e5658d_seg0050|completely empty. I know you feel it, that emptiness. No original thoughts in that head.|completely empty. i know you feel it, that emptiness. no original thoughts in that head.
Dumb_Puppy_Brain_Drain_07e5658d_seg0051|absolutely nothing. You just feel light and happy and satisfied.|absolutely nothing. you just feel light and happy and satisfied.
Dumb_Puppy_Brain_Drain_07e5658d_seg0052|Like a good little listener, you have been properly trained, you are obedient, you are mine, my good puppy.|like a good little listener, you have been properly trained, you are obedient, you are mine, my good puppy.
Dumb_Puppy_Brain_Drain_07e5658d_seg0053|Such a good dog. Such a good little listener. Oh, poor little thing. Come here.|such a good dog. such a good little listener. oh, poor little thing. come here.
Dumb_Puppy_Brain_Drain_07e5658d_seg0054|You're going to be okay, just a dumb little mutt.|you're going to be okay, just a dumb little mutt.
Dumb_Puppy_Brain_Drain_07e5658d_seg0055|It needs to be told exactly what to think and when. The time for thinking is over for you now.|it needs to be told exactly what to think and when. the time for thinking is over for you now.
Dumb_Puppy_Brain_Drain_07e5658d_seg0056|You're all mine, my obedient pet, programmed to be exactly the way you're supposed to be.|you're all mine, my obedient pet, programmed to be exactly the way you're supposed to be.
Dumb_Puppy_Brain_Drain_07e5658d_seg0057|just awaiting my commands and eagerly following whenever I tell them to you. Isn't that right, huh, my good puppy?|just awaiting my commands and eagerly following whenever i tell them to you. isn't that right, huh, my good puppy?
Dumb_Puppy_Brain_Drain_07e5658d_seg0058|That's a good dog. Good puppy. Good stupid dog. You are such a good listener.|that's a good dog. good puppy. good stupid dog. you are such a good listener.
Dumb_Puppy_Brain_Drain_07e5658d_seg0059|and I want you to lay there and enjoy this headspace for as long as you want to.|and i want you to lay there and enjoy this headspace for as long as you want to.
Dumb_Puppy_Brain_Drain_07e5658d_seg0060|That's right. There's no awakener in this file. It's just meant to get you in that nice puppy headspace, and I trust that you'll utilize your time very wisely.|that's right. there's no awakener in this file. it's just meant to get you in that nice puppy headspace, and i trust that you'll utilize your time very wisely.
Dumb_Puppy_Brain_Drain_07e5658d_seg0061|you will spend this nice, relaxing time doing exactly what you think you deserve. Hopefully something positive, because you're a good dog.|you will spend this nice, relaxing time doing exactly what you think you deserve. hopefully something positive, because you're a good dog.
Dumb_Puppy_Brain_Drain_07e5658d_seg0062|A very good dog, an excellent listener, amazing at following your commands, and I just appreciate you so much.|a very good dog, an excellent listener, amazing at following your commands, and i just appreciate you so much.
Dumb_Puppy_Brain_Drain_07e5658d_seg0063|See you, Pat.|see you, pat.
Dumb_Puppy_Brain_Drain_07e5658d_seg0064|Not everything has to be this big, grand experience between us. These nice, quiet moments can be just as good, sometimes even better.|not everything has to be this big, grand experience between us. these nice, quiet moments can be just as good, sometimes even better.
Dumb_Puppy_Brain_Drain_07e5658d_seg0065|I just want to tell you how much I care about you.|i just want to tell you how much i care about you.
Dumb_Puppy_Brain_Drain_07e5658d_seg0066|how much I enjoy giving you these little moments of peace.|how much i enjoy giving you these little moments of peace.
Dumb_Puppy_Brain_Drain_07e5658d_seg0067|It's nice to be a source of relief for people. I really do appreciate having you as a listener.|it's nice to be a source of relief for people. i really do appreciate having you as a listener.
Dumb_Puppy_Brain_Drain_07e5658d_seg0068|and having you as a little virtual playmate. I really, really enjoy the time that I get to spend with you, probably more than you'll ever understand.|and having you as a little virtual playmate. i really, really enjoy the time that i get to spend with you, probably more than you'll ever understand.
Dumb_Puppy_Brain_Drain_07e5658d_seg0069|And that just about wraps up this little file.|and that just about wraps up this little file.
Dumb_Puppy_Brain_Drain_07e5658d_seg0070|I apologize if the sound quality was a little wonky. I am recording in a different place than I typically do.|i apologize if the sound quality was a little wonky. i am recording in a different place than i typically do.
Dumb_Puppy_Brain_Drain_07e5658d_seg0071|because I was having some issues with my typical recording hardware.|because i was having some issues with my typical recording hardware.
Dumb_Puppy_Brain_Drain_07e5658d_seg0072|I wanted to let you know that this is the last file that I'll be uploading before I go to a convention in Atlanta called Furry Weekend Atlanta. You may know it as FWA.|i wanted to let you know that this is the last file that i'll be uploading before i go to a convention in atlanta called furry weekend atlanta. you may know it as fwa.
Dumb_Puppy_Brain_Drain_07e5658d_seg0073|um|um
Dumb_Puppy_Brain_Drain_07e5658d_seg0074|I'll be attending just as, like, a regular-ass person. If you see me at FWA, don't hesitate to say hello, because I do have little goodie bags for people.|i'll be attending just as, like, a regular-ass person. if you see me at fwa, don't hesitate to say hello, because i do have little goodie bags for people.
Dumb_Puppy_Brain_Drain_07e5658d_seg0075|I'll be wearing a badge with my fursona on it. It's like this black wolf.|i'll be wearing a badge with my fursona on it. it's like this black wolf.
Dumb_Puppy_Brain_Drain_07e5658d_seg0076|that has little antlers on it. The badge will be purple and it'll have text on it that says I go buy soft in the Invader Zim logo font thing. I know for sure|that has little antlers on it. the badge will be purple and it'll have text on it that says i go buy soft in the invader zim logo font thing. i know for sure
Dumb_Puppy_Brain_Drain_07e5658d_seg0077|I'll be attending the hypnosis panel just as like someone who's there. I'm not helping host it or anything, but|i'll be attending the hypnosis panel just as like someone who's there. i'm not helping host it or anything, but
Dumb_Puppy_Brain_Drain_07e5658d_seg0078|that would probably be a good place to find me if you want to have a conversation with me i don't really want conversations to go to weird places please but i'm happy to answer any like|that would probably be a good place to find me if you want to have a conversation with me i don't really want conversations to go to weird places please but i'm happy to answer any like
Dumb_Puppy_Brain_Drain_07e5658d_seg0079|questions if you're curious and you haven't seen me before. Also, I'm sorry that|questions if you're curious and you haven't seen me before. also, i'm sorry that
Dumb_Puppy_Brain_Drain_07e5658d_seg0080|My posting has been slow for audio stuff. It's just I get in my own head about these long times where I'm not posting anything.|my posting has been slow for audio stuff. it's just i get in my own head about these long times where i'm not posting anything.
Dumb_Puppy_Brain_Drain_07e5658d_seg0081|And then I think when I come back, I have to have something super amazing. So I'm trying to completely ignore that urge by just...|and then i think when i come back, i have to have something super amazing. so i'm trying to completely ignore that urge by just...
Dumb_Puppy_Brain_Drain_07e5658d_seg0082|recording something in a way that makes me comfortable.|recording something in a way that makes me comfortable.
Dumb_Puppy_Brain_Drain_07e5658d_seg0083|and doesn't stress me out too much. So that's about all that I have. I really want this file to be something that you can listen to when you want to get into a puppy headspace.|and doesn't stress me out too much. so that's about all that i have. i really want this file to be something that you can listen to when you want to get into a puppy headspace.
Dumb_Puppy_Brain_Drain_07e5658d_seg0084|but you don't want to listen to a whole file, so thank you to the person that suggested to me a file where you just kind of like jump into it without like a long intro. So hopefully this little|but you don't want to listen to a whole file, so thank you to the person that suggested to me a file where you just kind of like jump into it without like a long intro. so hopefully this little
Dumb_Puppy_Brain_Drain_07e5658d_seg0085|improv helps you. Again, thank you so much for the support.|improv helps you. again, thank you so much for the support.
Dumb_Puppy_Brain_Drain_07e5658d_seg0086|I truly sometimes feel like I do not deserve all the praise that I get, especially people that support me on Patreon and stuff like monetarily. I really appreciate it.|i truly sometimes feel like i do not deserve all the praise that i get, especially people that support me on patreon and stuff like monetarily. i really appreciate it.
Dumb_Puppy_Brain_Drain_07e5658d_seg0087|I know times are tough. If you're not a Patreon supporter and you're considering it, try to do it on a platform that is not Apple or iOS because they upcharge on there. And I don't get any of it. It just goes.|i know times are tough. if you're not a patreon supporter and you're considering it, try to do it on a platform that is not apple or ios because they upcharge on there. and i don't get any of it. it just goes.
Dumb_Puppy_Brain_Drain_07e5658d_seg0088|Apple, it's stupid. But yeah, thank you for supporting me.|apple, it's stupid. but yeah, thank you for supporting me.
Dumb_Puppy_Brain_Drain_07e5658d_seg0089|regardless of if that's monetarily or if you're just like on a subreddit and you're suggesting me. I always see those. I see people suggesting my stuff frequently and I really appreciate it.|regardless of if that's monetarily or if you're just like on a subreddit and you're suggesting me. i always see those. i see people suggesting my stuff frequently and i really appreciate it.
Dumb_Puppy_Brain_Drain_07e5658d_seg0090|It's nice to get more eyes on my work. So yeah, I'll see you at FWA if I see you, and I'll see you on my Discord server if I see you. And|it's nice to get more eyes on my work. so yeah, i'll see you at fwa if i see you, and i'll see you on my discord server if i see you. and
Good_Puppy_Clicker_Training_fb126729_seg0000|I hope you're doing well, my good puppy.|i hope you're doing well, my good puppy.
Good_Puppy_Clicker_Training_fb126729_seg0001|I feel like we haven't seen each other in so long.|i feel like we haven't seen each other in so long.
Good_Puppy_Clicker_Training_fb126729_seg0002|And I just wanted to make sure that you're still.|and i just wanted to make sure that you're still.
Good_Puppy_Clicker_Training_fb126729_seg0003|and that you still like the sound of my voice.|and that you still like the sound of my voice.
Good_Puppy_Clicker_Training_fb126729_seg0004|And of course you do, you're good.|and of course you do, you're good.
Good_Puppy_Clicker_Training_fb126729_seg0005|You remember that clicker, don't you?|you remember that clicker, don't you?
Good_Puppy_Clicker_Training_fb126729_seg0006|Every time you hear it, you get these pings of pleasure, and I know you remember that.|every time you hear it, you get these pings of pleasure, and i know you remember that.
Good_Puppy_Clicker_Training_fb126729_seg0007|and that strong trigger that is deeply embedded into you, my good puppy.|and that strong trigger that is deeply embedded into you, my good puppy.
Good_Puppy_Clicker_Training_fb126729_seg0008|maybe having it gone for so long.|maybe having it gone for so long.
Good_Puppy_Clicker_Training_fb126729_seg0009|It's made you miss how it feels and maybe.|it's made you miss how it feels and maybe.
Good_Puppy_Clicker_Training_fb126729_seg0010|Being such a dumb dog, you might have even forgotten.|being such a dumb dog, you might have even forgotten.
Good_Puppy_Clicker_Training_fb126729_seg0011|So listen to me, puppy.|so listen to me, puppy.
Good_Puppy_Clicker_Training_fb126729_seg0012|We are going to work on that.|we are going to work on that.
Good_Puppy_Clicker_Training_fb126729_seg0013|And I will enjoy myself as well. And that's how this dynamic works, puppy.|and i will enjoy myself as well. and that's how this dynamic works, puppy.
Good_Puppy_Clicker_Training_fb126729_seg0014|I talk and you listen and you love that and I love to do it to you, my very, very good puppy.|i talk and you listen and you love that and i love to do it to you, my very, very good puppy.
Good_Puppy_Clicker_Training_fb126729_seg0015|Each time you hear that clicker, you feel very, very nice. There are no obligations here.|each time you hear that clicker, you feel very, very nice. there are no obligations here.
Good_Puppy_Clicker_Training_fb126729_seg0016|just relaxation at this point in time. And it's okay, I know you're excited, but just stay with me.|just relaxation at this point in time. and it's okay, i know you're excited, but just stay with me.
Good_Puppy_Clicker_Training_fb126729_seg0017|Good, good job, good job.|good, good job, good job.
Good_Puppy_Clicker_Training_fb126729_seg0018|as you lay there or sit there or wherever you are when you listen to this audio.|as you lay there or sit there or wherever you are when you listen to this audio.
Good_Puppy_Clicker_Training_fb126729_seg0019|You're just going to relax with me for now, my good puppy.|you're just going to relax with me for now, my good puppy.
Good_Puppy_Clicker_Training_fb126729_seg0020|I want you to envision your entire body.|i want you to envision your entire body.
Good_Puppy_Clicker_Training_fb126729_seg0021|laying flat on the most comfortable surface you can imagine.|laying flat on the most comfortable surface you can imagine.
Good_Puppy_Clicker_Training_fb126729_seg0022|For me, that would be my bed.|for me, that would be my bed.
Good_Puppy_Clicker_Training_fb126729_seg0023|But maybe for you, that's a blanket on the floor or in your doggy bed or maybe in a cute crate that you've tricked out.|but maybe for you, that's a blanket on the floor or in your doggy bed or maybe in a cute crate that you've tricked out.
Good_Puppy_Clicker_Training_fb126729_seg0024|as long as you are a very comfortable puppy.|as long as you are a very comfortable puppy.
Good_Puppy_Clicker_Training_fb126729_seg0025|Just keep breathing deep at your own pace.|just keep breathing deep at your own pace.
Good_Puppy_Clicker_Training_fb126729_seg0026|And I want you to focus on all the tension.|and i want you to focus on all the tension.
Good_Puppy_Clicker_Training_fb126729_seg0027|in your feet and ankles.|in your feet and ankles.
Good_Puppy_Clicker_Training_fb126729_seg0028|and that shouldn't be too hard. I know lots of puppies out there have jobs where they're on their paws all day, and that's okay.|and that shouldn't be too hard. i know lots of puppies out there have jobs where they're on their paws all day, and that's okay.
Good_Puppy_Clicker_Training_fb126729_seg0029|As of now, you can just relax and enjoy yourself.|as of now, you can just relax and enjoy yourself.
Good_Puppy_Clicker_Training_fb126729_seg0030|focus on all the tension in your poor little feet and ankles and i want you|focus on all the tension in your poor little feet and ankles and i want you
Good_Puppy_Clicker_Training_fb126729_seg0031|to stretch them out real quick. Oh, big stretch. Good job, puppy.|to stretch them out real quick. oh, big stretch. good job, puppy.
Good_Puppy_Clicker_Training_fb126729_seg0032|And when you stretch those legs, those ankles, I want you to lay them back down.|and when you stretch those legs, those ankles, i want you to lay them back down.
Good_Puppy_Clicker_Training_fb126729_seg0033|Feel just how much more relaxed they've become.|feel just how much more relaxed they've become.
Good_Puppy_Clicker_Training_fb126729_seg0034|And that's easy. You understand that. You know, after a nice big stretch, you feel a lot more comfortable.|and that's easy. you understand that. you know, after a nice big stretch, you feel a lot more comfortable.
Good_Puppy_Clicker_Training_fb126729_seg0035|And now that you're all relaxed there, you can imagine that part of your body.|and now that you're all relaxed there, you can imagine that part of your body.
Good_Puppy_Clicker_Training_fb126729_seg0036|getting so much heavier, the unwillingness to move that part of your body now that it's finally settled into a spot, my good puppy.|getting so much heavier, the unwillingness to move that part of your body now that it's finally settled into a spot, my good puppy.
Good_Puppy_Clicker_Training_fb126729_seg0037|feeling so good and doing so good as you listen and you obey so simply, that relaxation.|feeling so good and doing so good as you listen and you obey so simply, that relaxation.
Good_Puppy_Clicker_Training_fb126729_seg0038|in your feet and your ankles traveling up your thighs and to your hips and we hold a lot of tension in our hips and as a crux.|in your feet and your ankles traveling up your thighs and to your hips and we hold a lot of tension in our hips and as a crux.
Good_Puppy_Clicker_Training_fb126729_seg0039|of our weight, and it's okay.|of our weight, and it's okay.
Good_Puppy_Clicker_Training_fb126729_seg0040|You can just relax this part of your body now if you want to wiggle it one more time or stretch it or just lay there and let your weight finally settle.|you can just relax this part of your body now if you want to wiggle it one more time or stretch it or just lay there and let your weight finally settle.
Good_Puppy_Clicker_Training_fb126729_seg0041|It can feel so very nice, my good puppy.|it can feel so very nice, my good puppy.
Good_Puppy_Clicker_Training_fb126729_seg0042|and that feels very good, and it makes you want to move on to the next part of your body, my good puppy.|and that feels very good, and it makes you want to move on to the next part of your body, my good puppy.
Good_Puppy_Clicker_Training_fb126729_seg0043|traveling up from your hips.|traveling up from your hips.
Good_Puppy_Clicker_Training_fb126729_seg0044|all the way up your torso and your shoulders and your arms and your hands all at the same time I want you to give me a|all the way up your torso and your shoulders and your arms and your hands all at the same time i want you to give me a
Good_Puppy_Clicker_Training_fb126729_seg0045|Big stretch.|big stretch.
Good_Puppy_Clicker_Training_fb126729_seg0046|Oh, a big stretch. Good puppy. Good job. And as you stretch out all of those individual parts of your body.|oh, a big stretch. good puppy. good job. and as you stretch out all of those individual parts of your body.
Good_Puppy_Clicker_Training_fb126729_seg0047|It can feel so nice and you can lay them back down into a more relaxed and heavy stage.|it can feel so nice and you can lay them back down into a more relaxed and heavy stage.
Good_Puppy_Clicker_Training_fb126729_seg0048|lay them at your sides and it's totally okay if you need to move around or shift around or change position|lay them at your sides and it's totally okay if you need to move around or shift around or change position
Good_Puppy_Clicker_Training_fb126729_seg0049|As long as you are making yourself comfortable, you are doing exactly as you should, my good puppy.|as long as you are making yourself comfortable, you are doing exactly as you should, my good puppy.
Good_Puppy_Clicker_Training_fb126729_seg0050|And moving on.|and moving on.
Good_Puppy_Clicker_Training_fb126729_seg0051|from your arms and your shoulders up to your neck, another spot we hold a lot of tension in, and you can move that.|from your arms and your shoulders up to your neck, another spot we hold a lot of tension in, and you can move that.
Good_Puppy_Clicker_Training_fb126729_seg0052|and stretch it out and feel yourself relaxing even more knowing that the only tension left is in your face.|and stretch it out and feel yourself relaxing even more knowing that the only tension left is in your face.
Good_Puppy_Clicker_Training_fb126729_seg0053|in your head.|in your head.
Good_Puppy_Clicker_Training_fb126729_seg0054|And of course, you can relax that for me, my good puppy. Relax all of that last lingering tension as your body.|and of course, you can relax that for me, my good puppy. relax all of that last lingering tension as your body.
Good_Puppy_Clicker_Training_fb126729_seg0055|Feels so much heavier, my good puppy.|feels so much heavier, my good puppy.
Good_Puppy_Clicker_Training_fb126729_seg0056|all of your body relaxing so much more. And if you close your eyes, keep them closed the way you've been doing, you can feel all of...|all of your body relaxing so much more. and if you close your eyes, keep them closed the way you've been doing, you can feel all of...
Good_Puppy_Clicker_Training_fb126729_seg0057|that weight of the world gently pressing down on you.|that weight of the world gently pressing down on you.
Good_Puppy_Clicker_Training_fb126729_seg0058|making it feel like you can't do anything but lay there and enjoy this relaxation, my good puppy.|making it feel like you can't do anything but lay there and enjoy this relaxation, my good puppy.
Good_Puppy_Clicker_Training_fb126729_seg0059|And it feels so nice, it feels so good to enjoy this relaxation, to feel so heavy.|and it feels so nice, it feels so good to enjoy this relaxation, to feel so heavy.
Good_Puppy_Clicker_Training_fb126729_seg0060|It's almost like the weight is making you sink into whatever you are laying on right now.|it's almost like the weight is making you sink into whatever you are laying on right now.
Good_Puppy_Clicker_Training_fb126729_seg0061|Maybe this weight can feel like sandbags or a weighted blanket, or it can just be this familiar sinking feeling.|maybe this weight can feel like sandbags or a weighted blanket, or it can just be this familiar sinking feeling.
Good_Puppy_Clicker_Training_fb126729_seg0062|I know when I get ready for bed and I get really, really relaxed, I get this feeling.|i know when i get ready for bed and i get really, really relaxed, i get this feeling.
Good_Puppy_Clicker_Training_fb126729_seg0063|when I'm about to fall asleep, but my mind is still barely awake.|when i'm about to fall asleep, but my mind is still barely awake.
Good_Puppy_Clicker_Training_fb126729_seg0064|like as I'm laying there, everything else.|like as i'm laying there, everything else.
Good_Puppy_Clicker_Training_fb126729_seg0065|And I am just falling so deep.|and i am just falling so deep.
Good_Puppy_Clicker_Training_fb126729_seg0066|sinking so deep and it's so easy and it feels so good to feel this way, my good puppy.|sinking so deep and it's so easy and it feels so good to feel this way, my good puppy.
Good_Puppy_Clicker_Training_fb126729_seg0067|You feel this way too, right now.|you feel this way too, right now.
Good_Puppy_Clicker_Training_fb126729_seg0068|You find yourself becoming very aware of that and really enjoying it, my good puppy.|you find yourself becoming very aware of that and really enjoying it, my good puppy.
Good_Puppy_Clicker_Training_fb126729_seg0069|And it feels so very good to lay here and relax.|and it feels so very good to lay here and relax.
Good_Puppy_Clicker_Training_fb126729_seg0070|This nice, deep relaxation, my good puppy, can make you feel so nice and so good.|this nice, deep relaxation, my good puppy, can make you feel so nice and so good.
Good_Puppy_Clicker_Training_fb126729_seg0071|And the longer you hear me speak, while you feel this very powerful sensation, the longer|and the longer you hear me speak, while you feel this very powerful sensation, the longer
Good_Puppy_Clicker_Training_fb126729_seg0072|And of course, you begin to associate this feeling with my voice.|and of course, you begin to associate this feeling with my voice.
Good_Puppy_Clicker_Training_fb126729_seg0073|every time you hear me speak in this nice hushed tone where I'm sort of talking down to you, my good puppy.|every time you hear me speak in this nice hushed tone where i'm sort of talking down to you, my good puppy.
Good_Puppy_Clicker_Training_fb126729_seg0074|you are reminded of this feeling you have right now.|you are reminded of this feeling you have right now.
Good_Puppy_Clicker_Training_fb126729_seg0075|And of course, we can associate one single word with this nice, deep relaxation.|and of course, we can associate one single word with this nice, deep relaxation.
Good_Puppy_Clicker_Training_fb126729_seg0076|of feeling so heavy, of feeling yourself go deeper, my good puppy, can be associated with the word.|of feeling so heavy, of feeling yourself go deeper, my good puppy, can be associated with the word.
Good_Puppy_Clicker_Training_fb126729_seg0077|And that feels so fucking good every time you hear it in your little puppy ears.|and that feels so fucking good every time you hear it in your little puppy ears.
Good_Puppy_Clicker_Training_fb126729_seg0078|And it's the sort of thing that you don't even have to consciously make yourself do.|and it's the sort of thing that you don't even have to consciously make yourself do.
Good_Puppy_Clicker_Training_fb126729_seg0079|It's a feeling that just comes so naturally and you feel all good and all tingly.|it's a feeling that just comes so naturally and you feel all good and all tingly.
Good_Puppy_Clicker_Training_fb126729_seg0080|you get those butterflies in your stomach, you get that heaviness in your mind.|you get those butterflies in your stomach, you get that heaviness in your mind.
Good_Puppy_Clicker_Training_fb126729_seg0081|That dreamlike state starts to creep up on you and push you down.|that dreamlike state starts to creep up on you and push you down.
Good_Puppy_Clicker_Training_fb126729_seg0082|and you enjoy this, you enjoy this feeling so very much, sinking so much deeper with every time I say,|and you enjoy this, you enjoy this feeling so very much, sinking so much deeper with every time i say,
Good_Puppy_Clicker_Training_fb126729_seg0083|It can be some sort of easy state of hypnosis that you found yourself in.|it can be some sort of easy state of hypnosis that you found yourself in.
Good_Puppy_Clicker_Training_fb126729_seg0084|and hypnosis is very, very common. We all experience hypnosis in one way or another every single day, whether we realize it or not.|and hypnosis is very, very common. we all experience hypnosis in one way or another every single day, whether we realize it or not.
Good_Puppy_Clicker_Training_fb126729_seg0085|hypnosis in fact is just a flow state, it is a state of focus|hypnosis in fact is just a flow state, it is a state of focus
Good_Puppy_Clicker_Training_fb126729_seg0086|on something that you are very interested in, something where you can find yourself doing it without even realizing, like when you get invested in a task that you really enjoy.|on something that you are very interested in, something where you can find yourself doing it without even realizing, like when you get invested in a task that you really enjoy.
Good_Puppy_Clicker_Training_fb126729_seg0087|like|like
Good_Puppy_Clicker_Training_fb126729_seg0088|when you are very much invested in a great song or maybe you're doing an activity that requires a lot of hand-eye coordination.|when you are very much invested in a great song or maybe you're doing an activity that requires a lot of hand-eye coordination.
Good_Puppy_Clicker_Training_fb126729_seg0089|or just a lot of your focus.|or just a lot of your focus.
Good_Puppy_Clicker_Training_fb126729_seg0090|You find yourself naturally entering this state, like the world is fading around you and you don't mind.|you find yourself naturally entering this state, like the world is fading around you and you don't mind.
Good_Puppy_Clicker_Training_fb126729_seg0091|because you are so focused on this state and you enjoy it very much, my good puppy.|because you are so focused on this state and you enjoy it very much, my good puppy.
Good_Puppy_Clicker_Training_fb126729_seg0092|For example, I like to play video games, that's something I enjoy doing.|for example, i like to play video games, that's something i enjoy doing.
Good_Puppy_Clicker_Training_fb126729_seg0093|And when I'm in a game where it demands a lot more of my focus, I find myself not focusing on anything else but what's in front of me.|and when i'm in a game where it demands a lot more of my focus, i find myself not focusing on anything else but what's in front of me.
Good_Puppy_Clicker_Training_fb126729_seg0094|And even if my mind wanders while I play the game, I'm still paying attention, I'm still doing all of these different things at once, and my body doesn't even realize what it's doing.|and even if my mind wanders while i play the game, i'm still paying attention, i'm still doing all of these different things at once, and my body doesn't even realize what it's doing.
Good_Puppy_Clicker_Training_fb126729_seg0095|And that is what I consider to be a state of hypnosis, and it's one that I really, really enjoy.|and that is what i consider to be a state of hypnosis, and it's one that i really, really enjoy.
Good_Puppy_Clicker_Training_fb126729_seg0096|And once I have bridged the gap between something that has become so normalized and something that I wish to do in a kink setting.|and once i have bridged the gap between something that has become so normalized and something that i wish to do in a kink setting.
Good_Puppy_Clicker_Training_fb126729_seg0097|then I can much easier reach that headspace in the cake setting.|then i can much easier reach that headspace in the cake setting.
Good_Puppy_Clicker_Training_fb126729_seg0098|Kind of like how right now you are listening so intently to my voice, even if you've got something else going on inside your head, you always come back to me.|kind of like how right now you are listening so intently to my voice, even if you've got something else going on inside your head, you always come back to me.
Good_Puppy_Clicker_Training_fb126729_seg0099|my good puppy, almost like this trigger that I have of this clicker.|my good puppy, almost like this trigger that i have of this clicker.
Good_Puppy_Clicker_Training_fb126729_seg0100|is designed to keep bringing you back to me, even if you think you've got some sort of focus issue, I have them too, but don't worry.|is designed to keep bringing you back to me, even if you think you've got some sort of focus issue, i have them too, but don't worry.
Good_Puppy_Clicker_Training_fb126729_seg0101|I've got this very, very important clicker, my good puppy.|i've got this very, very important clicker, my good puppy.
Good_Puppy_Clicker_Training_fb126729_seg0102|and it always keeps you coming back to me. It leaves you feeling very, very good and obedient every time you refocus on me.|and it always keeps you coming back to me. it leaves you feeling very, very good and obedient every time you refocus on me.
Good_Puppy_Clicker_Training_fb126729_seg0103|And it feels so right every single time.|and it feels so right every single time.
Good_Puppy_Clicker_Training_fb126729_seg0104|when you remember just how far you've come, like when I say the word.|when you remember just how far you've come, like when i say the word.
Good_Puppy_Clicker_Training_fb126729_seg0105|You're reminded of that heaviness all over your body like a weight is pushing down on you and you're sinking.|you're reminded of that heaviness all over your body like a weight is pushing down on you and you're sinking.
Good_Puppy_Clicker_Training_fb126729_seg0106|This is what hypnosis is all about, and you're doing so very, very good, my good puppy.|this is what hypnosis is all about, and you're doing so very, very good, my good puppy.
Good_Puppy_Clicker_Training_fb126729_seg0107|and it feels so nice and so good, and you enjoy it every single moment, my good puppy.|and it feels so nice and so good, and you enjoy it every single moment, my good puppy.
Good_Puppy_Clicker_Training_fb126729_seg0108|As of now, I've just been giving you commands very softly and very gently.|as of now, i've just been giving you commands very softly and very gently.
Good_Puppy_Clicker_Training_fb126729_seg0109|because I know that you are a very, very good and very relaxed puppy.|because i know that you are a very, very good and very relaxed puppy.
Good_Puppy_Clicker_Training_fb126729_seg0110|but you haven't quite reached that state of hypnosis just yet, but you're about to.|but you haven't quite reached that state of hypnosis just yet, but you're about to.
Good_Puppy_Clicker_Training_fb126729_seg0111|I wanted to describe the feeling so you would know exactly how it feels and...|i wanted to describe the feeling so you would know exactly how it feels and...
Good_Puppy_Clicker_Training_fb126729_seg0112|Don't worry, hypnosis is different for everyone, my good puppy.|don't worry, hypnosis is different for everyone, my good puppy.
Good_Puppy_Clicker_Training_fb126729_seg0113|but if you'd like to imagine this for a moment.|but if you'd like to imagine this for a moment.
Good_Puppy_Clicker_Training_fb126729_seg0114|Imagine.|imagine.
Good_Puppy_Clicker_Training_fb126729_seg0115|I have created a command that will compound upon everything else in this file, and that command is already inside your head.|i have created a command that will compound upon everything else in this file, and that command is already inside your head.
Good_Puppy_Clicker_Training_fb126729_seg0116|and you know it and you'll know it when you hear it, but the addition of something unexpected right before the command.|and you know it and you'll know it when you hear it, but the addition of something unexpected right before the command.
Good_Puppy_Clicker_Training_fb126729_seg0117|might just be enough to push you into a deeper state of hypnosis, something where you find your conscious mind totally asleep.|might just be enough to push you into a deeper state of hypnosis, something where you find your conscious mind totally asleep.
Good_Puppy_Clicker_Training_fb126729_seg0118|listens to every single command that I give it.|listens to every single command that i give it.
Good_Puppy_Clicker_Training_fb126729_seg0119|and it loves that feeling. And you are very, very interested to try that, my good puppy.|and it loves that feeling. and you are very, very interested to try that, my good puppy.
Good_Puppy_Clicker_Training_fb126729_seg0120|aren't you? Yes, you are. Yes, you are. Such a good puppy.|aren't you? yes, you are. yes, you are. such a good puppy.
Good_Puppy_Clicker_Training_fb126729_seg0121|feeling so good when you listen to me.|feeling so good when you listen to me.
Good_Puppy_Clicker_Training_fb126729_seg0122|And I want you to imagine in this state of hypnosis like a full body heaviness where you can't do much thinking at all.|and i want you to imagine in this state of hypnosis like a full body heaviness where you can't do much thinking at all.
Good_Puppy_Clicker_Training_fb126729_seg0123|You just lay there.|you just lay there.
Good_Puppy_Clicker_Training_fb126729_seg0124|and listen, and feel so very good. You feel a sort of pride in not being able to think for yourself, and that's something that you're very familiar with.|and listen, and feel so very good. you feel a sort of pride in not being able to think for yourself, and that's something that you're very familiar with.
Good_Puppy_Clicker_Training_fb126729_seg0125|with my good puppy it's a feeling that sometimes you have to fake it before it actually starts working and that is totally okay|with my good puppy it's a feeling that sometimes you have to fake it before it actually starts working and that is totally okay
Good_Puppy_Clicker_Training_fb126729_seg0126|just know that hypnosis is all about practicing a state of mind.|just know that hypnosis is all about practicing a state of mind.
Good_Puppy_Clicker_Training_fb126729_seg0127|So if you are just playing along, fake it till you make it kind of thing.|so if you are just playing along, fake it till you make it kind of thing.
Good_Puppy_Clicker_Training_fb126729_seg0128|That is exactly what I want you to do, my good puppy.|that is exactly what i want you to do, my good puppy.
Good_Puppy_Clicker_Training_fb126729_seg0129|Because eventually, when I give these commands, you'll know immediately that you need to start playing along without even needing to think about it.|because eventually, when i give these commands, you'll know immediately that you need to start playing along without even needing to think about it.
Good_Puppy_Clicker_Training_fb126729_seg0130|You can pretend to be dumb and after enough practice, enough.|you can pretend to be dumb and after enough practice, enough.
Good_Puppy_Clicker_Training_fb126729_seg0131|And that is such a good feeling, my good puppy.|and that is such a good feeling, my good puppy.
Good_Puppy_Clicker_Training_fb126729_seg0132|It feels so fucking good to know that a command is so ingrained into you.|it feels so fucking good to know that a command is so ingrained into you.
Good_Puppy_Clicker_Training_fb126729_seg0133|I wanted to let you know that you always have the power to keep these triggers from people that you don't trust.|i wanted to let you know that you always have the power to keep these triggers from people that you don't trust.
Good_Puppy_Clicker_Training_fb126729_seg0134|you trust me, right? You know that I'm just here to give you a good time and I don't want to hurt you. I wanted to communicate that to you.|you trust me, right? you know that i'm just here to give you a good time and i don't want to hurt you. i wanted to communicate that to you.
Good_Puppy_Clicker_Training_fb126729_seg0135|so that you feel nice and safe with me, my good puppy, and|so that you feel nice and safe with me, my good puppy, and
Good_Puppy_Clicker_Training_fb126729_seg0136|If you just want to come back to that relaxing state when I tell you,|if you just want to come back to that relaxing state when i tell you,
Good_Puppy_Clicker_Training_fb126729_seg0137|and feel heavy, feel heavier and heavier with every time that I say,|and feel heavy, feel heavier and heavier with every time that i say,
Good_Puppy_Clicker_Training_fb126729_seg0138|And it feels good. That heaviness can feel so very good. And I wanted to remind you one more time that familiar feeling.|and it feels good. that heaviness can feel so very good. and i wanted to remind you one more time that familiar feeling.
Good_Puppy_Clicker_Training_fb126729_seg0139|of a heavy weight pushing down on you. In addition to that, you'll also get this heavy weight.|of a heavy weight pushing down on you. in addition to that, you'll also get this heavy weight.
Good_Puppy_Clicker_Training_fb126729_seg0140|on your intelligence, on your mind, making it hard to think for yourself.|on your intelligence, on your mind, making it hard to think for yourself.
Good_Puppy_Clicker_Training_fb126729_seg0141|And you'll feel pride knowing that you need me to thank for you. And it's going to feel so fucking good to be dumb.|and you'll feel pride knowing that you need me to thank for you. and it's going to feel so fucking good to be dumb.
Good_Puppy_Clicker_Training_fb126729_seg0142|to really, really feel like you can't do any more thinking, like you're just a dumb puppy.|to really, really feel like you can't do any more thinking, like you're just a dumb puppy.
Good_Puppy_Clicker_Training_fb126729_seg0143|And you like that feeling. Do you want to be a dumb puppy?|and you like that feeling. do you want to be a dumb puppy?
Good_Puppy_Clicker_Training_fb126729_seg0144|Do you? Of course you do, my good puppy.|do you? of course you do, my good puppy.
Good_Puppy_Clicker_Training_fb126729_seg0145|Open your eyes really, really quick. I know the light can be so bright, but just open your eyes for me.|open your eyes really, really quick. i know the light can be so bright, but just open your eyes for me.
Good_Puppy_Clicker_Training_fb126729_seg0146|And I want you to find one spot on the wall or the ceiling.|and i want you to find one spot on the wall or the ceiling.
Good_Puppy_Clicker_Training_fb126729_seg0147|The idea is that your eyes should strain a little bit while you look at it so that they get this tiredness.|the idea is that your eyes should strain a little bit while you look at it so that they get this tiredness.
Good_Puppy_Clicker_Training_fb126729_seg0148|Obviously, you're not trying to hurt yourself, but there should be some strain on the even numbers, like 10.|obviously, you're not trying to hurt yourself, but there should be some strain on the even numbers, like 10.
Good_Puppy_Clicker_Training_fb126729_seg0149|You're going to have your eyes open and focusing on that spot and on the odd numbers like one.|you're going to have your eyes open and focusing on that spot and on the odd numbers like one.
Good_Puppy_Clicker_Training_fb126729_seg0150|And then the next number comes and they'll be closed and then they'll be open.|and then the next number comes and they'll be closed and then they'll be open.
Good_Puppy_Clicker_Training_fb126729_seg0151|and you'll get this sort of tiredness in your eyes that will radiate all the way through your body and your mind.|and you'll get this sort of tiredness in your eyes that will radiate all the way through your body and your mind.
Good_Puppy_Clicker_Training_fb126729_seg0152|wearing you down, and it'll feel so, so very good.|wearing you down, and it'll feel so, so very good.
Good_Puppy_Clicker_Training_fb126729_seg0153|And when I say one, I'm going to give you the suggestion to drop.|and when i say one, i'm going to give you the suggestion to drop.
Good_Puppy_Clicker_Training_fb126729_seg0154|and it's going to feel so good all over your body.|and it's going to feel so good all over your body.
Good_Puppy_Clicker_Training_fb126729_seg0155|and you're going to feel so dumb, and you're going to have this willingness to listen and obey. You're going to have this suggestibility that's going to make everything.|and you're going to feel so dumb, and you're going to have this willingness to listen and obey. you're going to have this suggestibility that's going to make everything.
Good_Puppy_Clicker_Training_fb126729_seg0156|Of course you are, and I'm sure you've found a spot by now and you've already started looking at it, so.|of course you are, and i'm sure you've found a spot by now and you've already started looking at it, so.
Good_Puppy_Clicker_Training_fb126729_seg0157|Let's get this started before your eyes get too tired.|let's get this started before your eyes get too tired.
Good_Puppy_Clicker_Training_fb126729_seg0158|With 10.|with 10.
Good_Puppy_Clicker_Training_fb126729_seg0159|your eyes are open and they're focused on that one spot and there's a little bit of strain and it feels actually a little bit nice. And with nine,|your eyes are open and they're focused on that one spot and there's a little bit of strain and it feels actually a little bit nice. and with nine,
Good_Puppy_Clicker_Training_fb126729_seg0160|You can close your eyes and that strain fades away, but with eight,|you can close your eyes and that strain fades away, but with eight,
Good_Puppy_Clicker_Training_fb126729_seg0161|You open your eyes back up and they start to strain on that spot again.|you open your eyes back up and they start to strain on that spot again.
Good_Puppy_Clicker_Training_fb126729_seg0162|And with seven, you close your eyes and you realize how nice that feels. And with six, you obey and open your eyes again.|and with seven, you close your eyes and you realize how nice that feels. and with six, you obey and open your eyes again.
Good_Puppy_Clicker_Training_fb126729_seg0163|and that strain returns, and you can feel yourself listening with five, you close your eyes again.|and that strain returns, and you can feel yourself listening with five, you close your eyes again.
Good_Puppy_Clicker_Training_fb126729_seg0164|And you're halfway there and that relaxation starts to really set in. And with four, you open your eyes and that strain is back. And you're really, really focused on that spot with three.|and you're halfway there and that relaxation starts to really set in. and with four, you open your eyes and that strain is back. and you're really, really focused on that spot with three.
Good_Puppy_Clicker_Training_fb126729_seg0165|3.|3.
Good_Puppy_Clicker_Training_fb126729_seg0166|And that relaxation returns with two. Your eyes are open back again. It takes so much to keep them open. It's so difficult with one.|and that relaxation returns with two. your eyes are open back again. it takes so much to keep them open. it's so difficult with one.
Good_Puppy_Clicker_Training_fb126729_seg0167|drop. And that feels so good. Dumber as you.|drop. and that feels so good. dumber as you.
Good_Puppy_Clicker_Training_fb126729_seg0168|Drop, feeling so stupid as you drop, and you feel so good, my good puppy.|drop, feeling so stupid as you drop, and you feel so good, my good puppy.
Good_Puppy_Clicker_Training_fb126729_seg0169|Very good. Good job, my stupid dog.|very good. good job, my stupid dog.
Good_Puppy_Clicker_Training_fb126729_seg0170|Hi, my stupid puppy. You can't do much thinking at all, and that's exactly how I like you. You enjoy this state where you can't think at all. You just listen to my voice.|hi, my stupid puppy. you can't do much thinking at all, and that's exactly how i like you. you enjoy this state where you can't think at all. you just listen to my voice.
Good_Puppy_Clicker_Training_fb126729_seg0171|And when you listen to my voice, it feels so fucking good. I've got so much to say and you've got nothing to think. And that just feels so very good. The more I speak, the more you listen, the better it feels, the dumber you feel, my good puppy.|and when you listen to my voice, it feels so fucking good. i've got so much to say and you've got nothing to think. and that just feels so very good. the more i speak, the more you listen, the better it feels, the dumber you feel, my good puppy.
Good_Puppy_Clicker_Training_fb126729_seg0172|feet, feeling so stupid and dumb as your brain sinks deeper and deeper, that full body weight pushing down on you, sinking deeper and deeper as you listen to my voice and you realize|feet, feeling so stupid and dumb as your brain sinks deeper and deeper, that full body weight pushing down on you, sinking deeper and deeper as you listen to my voice and you realize
Good_Puppy_Clicker_Training_fb126729_seg0173|how easy this has always been my good puppy listening to the sound of my voice sinking deeper and deeper so stupid so mindless all for me you think nice happy puppy thoughts my good puppy|how easy this has always been my good puppy listening to the sound of my voice sinking deeper and deeper so stupid so mindless all for me you think nice happy puppy thoughts my good puppy
Good_Puppy_Clicker_Training_fb126729_seg0174|feeling so good as you listen to the sound of my voice the hypnosis sets in the trance is here it all feels so natural to you the state of hypnosis where you can't think of all of my suggestions|feeling so good as you listen to the sound of my voice the hypnosis sets in the trance is here it all feels so natural to you the state of hypnosis where you can't think of all of my suggestions
Good_Puppy_Clicker_Training_fb126729_seg0175|are inside your head. It feels so good. It feels so nice when you have me inside your mind. You can't do much thinking at all. You just smile and enjoy this feeling dumbness over your entire body.|are inside your head. it feels so good. it feels so nice when you have me inside your mind. you can't do much thinking at all. you just smile and enjoy this feeling dumbness over your entire body.
Good_Puppy_Clicker_Training_fb126729_seg0176|so nice and so good and it's so natural. And you're such a good puppy, such a very, very good puppy in this headspace where you can't do much of anything. You just smile and drool.|so nice and so good and it's so natural. and you're such a good puppy, such a very, very good puppy in this headspace where you can't do much of anything. you just smile and drool.
Good_Puppy_Clicker_Training_fb126729_seg0177|what a good puppy should feel like. These pangs of pleasure every time you hear the clicker just feel so nice in conjunction with my voice and you feel so stupid every time you hear it, my good puppy.|what a good puppy should feel like. these pangs of pleasure every time you hear the clicker just feel so nice in conjunction with my voice and you feel so stupid every time you hear it, my good puppy.
Good_Puppy_Clicker_Training_fb126729_seg0178|So much dumber with every passing moment, stupid feeling of your mind where you can't think at all. You just let me do all the thinking for you and all that I have for your suggestions that make you feel dumb.|so much dumber with every passing moment, stupid feeling of your mind where you can't think at all. you just let me do all the thinking for you and all that i have for your suggestions that make you feel dumb.
Good_Puppy_Clicker_Training_fb126729_seg0179|and dumber as your body feels so fucking heavy this can even be arousing and if you want to touch yourself right now that's perfectly fine that's perfectly okay you can do that for me but no coming there's going to be no|and dumber as your body feels so fucking heavy this can even be arousing and if you want to touch yourself right now that's perfectly fine that's perfectly okay you can do that for me but no coming there's going to be no
Good_Puppy_Clicker_Training_fb126729_seg0180|coming in this file but you can absolutely edge you can feel those great waves of pleasure feeling so very fucking good my good puppy feeling so good as you listen to the sound of my voice that arouse|coming in this file but you can absolutely edge you can feel those great waves of pleasure feeling so very fucking good my good puppy feeling so good as you listen to the sound of my voice that arouse
Good_Puppy_Clicker_Training_fb126729_seg0181|So growing as you edge for me, as you feel dumber and dumber, letting this intense pleasure make these suggestions even stronger when I tell you to drop. That's right. Keep.|so growing as you edge for me, as you feel dumber and dumber, letting this intense pleasure make these suggestions even stronger when i tell you to drop. that's right. keep.
Good_Puppy_Clicker_Training_fb126729_seg0182|dropping for me and it feels so fucking good just to listen to my voice and it feels so dumb when you can't think as you just listen as you just enjoy yourself feeling so stupid so dumb my good puppy|dropping for me and it feels so fucking good just to listen to my voice and it feels so dumb when you can't think as you just listen as you just enjoy yourself feeling so stupid so dumb my good puppy
Good_Puppy_Clicker_Training_fb126729_seg0183|feeling so very good as these suggestions sink deeper and deeper inside your mind and you've lost track of time. How long has it even been? How long have you been unable to think? How long have I had your...|feeling so very good as these suggestions sink deeper and deeper inside your mind and you've lost track of time. how long has it even been? how long have you been unable to think? how long have i had your...
Good_Puppy_Clicker_Training_fb126729_seg0184|complete attention.|complete attention.
Good_Puppy_Clicker_Training_fb126729_seg0185|And the more you think about it, the more you realize that you've been in this state of hypnosis as long as you can remember for as long as we've been speaking together, my good puppy, and that makes you feel even.|and the more you think about it, the more you realize that you've been in this state of hypnosis as long as you can remember for as long as we've been speaking together, my good puppy, and that makes you feel even.
Good_Puppy_Clicker_Training_fb126729_seg0186|dumber for me the second you heard my voice you were falling into my trap and when i say fall you know that means to|dumber for me the second you heard my voice you were falling into my trap and when i say fall you know that means to
Good_Puppy_Clicker_Training_fb126729_seg0187|her off. That's my get puppy. Feeling so good when I tell you too.|her off. that's my get puppy. feeling so good when i tell you too.
Good_Puppy_Clicker_Training_fb126729_seg0188|Drop my good puppy. This feels so intense. The suggestions are so potent. The triggers start to embed into your head and you feel like you can't do much of anything, but listen.|drop my good puppy. this feels so intense. the suggestions are so potent. the triggers start to embed into your head and you feel like you can't do much of anything, but listen.
Good_Puppy_Clicker_Training_fb126729_seg0189|even if you get close to that edge, it's worthless. It doesn't mean anything. It's, you know, I've already told you that there's no coming in this file, my good puppy.|even if you get close to that edge, it's worthless. it doesn't mean anything. it's, you know, i've already told you that there's no coming in this file, my good puppy.
Good_Puppy_Clicker_Training_fb126729_seg0190|Feeling so good as I add you as you.|feeling so good as i add you as you.
Good_Puppy_Clicker_Training_fb126729_seg0191|drop and you obey and you listen. It feels so fucking good. Just being in the state of hypnosis is enough pleasure for you. You don't need much more obedience than this. Feeling clicker trained feels so good, my good puppy.|drop and you obey and you listen. it feels so fucking good. just being in the state of hypnosis is enough pleasure for you. you don't need much more obedience than this. feeling clicker trained feels so good, my good puppy.
Good_Puppy_Clicker_Training_fb126729_seg0192|knowing that this clicker is such a strong asset to my files realizing that this clicker my good puppy is exactly what keeps you and me feeling so close with each other my good puppy|knowing that this clicker is such a strong asset to my files realizing that this clicker my good puppy is exactly what keeps you and me feeling so close with each other my good puppy
Good_Puppy_Clicker_Training_fb126729_seg0193|feeling so good as you feel dumber and dumber as you drop feeling so good your mind starts to slow|feeling so good as you feel dumber and dumber as you drop feeling so good your mind starts to slow
Good_Puppy_Clicker_Training_fb126729_seg0194|like you can't think at all. And it's so, so simple realizing that I'm the only thing inside your head.|like you can't think at all. and it's so, so simple realizing that i'm the only thing inside your head.
Good_Puppy_Clicker_Training_fb126729_seg0195|Realizing that you don't have anything to say, you don't have anything to think.|realizing that you don't have anything to say, you don't have anything to think.
Good_Puppy_Clicker_Training_fb126729_seg0196|All you have are these urges that I put inside your head. And that's a good puppy.|all you have are these urges that i put inside your head. and that's a good puppy.
Good_Puppy_Clicker_Training_fb126729_seg0197|knowing that you've always been like this for as long as you can remember. It feels so good. It feels right, my good puppy.|knowing that you've always been like this for as long as you can remember. it feels so good. it feels right, my good puppy.
Good_Puppy_Clicker_Training_fb126729_seg0198|You feel so nice as you relax and that heaviness returns as you.|you feel so nice as you relax and that heaviness returns as you.
Good_Puppy_Clicker_Training_fb126729_seg0199|You can't quite remember. Maybe it was a word.|you can't quite remember. maybe it was a word.
Good_Puppy_Clicker_Training_fb126729_seg0200|Oh, right, that word was.|oh, right, that word was.
Good_Puppy_Clicker_Training_fb126729_seg0201|drop. And you just feel so good, my pretty puppy.|drop. and you just feel so good, my pretty puppy.
Good_Puppy_Clicker_Training_fb126729_seg0202|feeling so good, knowing that this trigger is so simple and it's finally been given to you, it's finally been installed properly, my good puppy.|feeling so good, knowing that this trigger is so simple and it's finally been given to you, it's finally been installed properly, my good puppy.
Good_Puppy_Clicker_Training_fb126729_seg0203|feeling nice and comfortable and happy with this trigger, my good puppy.|feeling nice and comfortable and happy with this trigger, my good puppy.
Good_Puppy_Clicker_Training_fb126729_seg0204|feeling like you can keep coming back to this feeling anytime I give you the command.|feeling like you can keep coming back to this feeling anytime i give you the command.
Good_Puppy_Clicker_Training_fb126729_seg0205|And this feeling of dumbness and being unable to think is so relaxing and so rejuvenating.|and this feeling of dumbness and being unable to think is so relaxing and so rejuvenating.
Good_Puppy_Clicker_Training_fb126729_seg0206|You're going to be.|you're going to be.
Good_Puppy_Clicker_Training_fb126729_seg0207|nice and energized and happier almost like you're a golden retriever and you're just happy to be around isn't that right my good puppy|nice and energized and happier almost like you're a golden retriever and you're just happy to be around isn't that right my good puppy
Good_Puppy_Clicker_Training_fb126729_seg0208|My dumb idiot puppy.|my dumb idiot puppy.
Good_Puppy_Clicker_Training_fb126729_seg0209|like you didn't even realize what I was gonna do to you this whole time.|like you didn't even realize what i was gonna do to you this whole time.
Good_Puppy_Clicker_Training_fb126729_seg0210|You blissfully ignored the pangs, thinking that I wasn't actually going to arouse you and keep you on the end.|you blissfully ignored the pangs, thinking that i wasn't actually going to arouse you and keep you on the end.
Good_Puppy_Clicker_Training_fb126729_seg0211|Oh, that's too fucking bad, puppy.|oh, that's too fucking bad, puppy.
Good_Puppy_Clicker_Training_fb126729_seg0213|You just get a little tease, a little treat, a little milk bone for you to gnaw on while you listen to my voice. You actually thought I was going to make you cough.|you just get a little tease, a little treat, a little milk bone for you to gnaw on while you listen to my voice. you actually thought i was going to make you cough.
Good_Puppy_Clicker_Training_fb126729_seg0214|No, of course I wasn't, puppy.|no, of course i wasn't, puppy.
Good_Puppy_Clicker_Training_fb126729_seg0215|Why on earth would I do that for you?|why on earth would i do that for you?
Good_Puppy_Clicker_Training_fb126729_seg0216|I prefer you dumb and edged and listening and with a bunch of new triggers inside your head. I think that's a much better position for an obedient mutt.|i prefer you dumb and edged and listening and with a bunch of new triggers inside your head. i think that's a much better position for an obedient mutt.
Good_Puppy_Clicker_Training_fb126729_seg0217|That's right, my good puppy.|that's right, my good puppy.
Good_Puppy_Clicker_Training_fb126729_seg0218|and you definitely have earned it. You've earned this place, you've worked for it, and you've put in|and you definitely have earned it. you've earned this place, you've worked for it, and you've put in
Good_Puppy_Clicker_Training_fb126729_seg0219|all of that brain power just for me to take it away.|all of that brain power just for me to take it away.
Good_Puppy_Clicker_Training_fb126729_seg0220|So, remember your triggers, my good puppy.|so, remember your triggers, my good puppy.
Good_Puppy_Clicker_Training_fb126729_seg0221|because they're here to stay. I'm going to go ahead and wake you up now.|because they're here to stay. i'm going to go ahead and wake you up now.
Good_Puppy_Clicker_Training_fb126729_seg0222|And you'll be able to come back to this vial and if you'd like.|and you'll be able to come back to this vial and if you'd like.
Good_Puppy_Clicker_Training_fb126729_seg0223|you can have absolutely no recollection of what we've done here today.|you can have absolutely no recollection of what we've done here today.
Good_Puppy_Clicker_Training_fb126729_seg0224|Every time you think of this vial, you'll remember the name, and you'll remember the triggers, and you'll remember how it made you feel, but...|every time you think of this vial, you'll remember the name, and you'll remember the triggers, and you'll remember how it made you feel, but...
Good_Puppy_Clicker_Training_fb126729_seg0225|you won't remember what happens, as if during our countdown, you|you won't remember what happens, as if during our countdown, you
Good_Puppy_Clicker_Training_fb126729_seg0226|And I'm gonna go ahead and wake you up and I'll do a little bit of aftercare. You'll get a little bit of ramble from me and then.|and i'm gonna go ahead and wake you up and i'll do a little bit of aftercare. you'll get a little bit of ramble from me and then.
Good_Puppy_Clicker_Training_fb126729_seg0227|I'll send you on your way and you can do whatever you'd like to do after this, so.|i'll send you on your way and you can do whatever you'd like to do after this, so.
Good_Puppy_Clicker_Training_fb126729_seg0228|It's going to be a little bit like before, but instead, I'm going to count from 1 to 10. And when I reach 10...|it's going to be a little bit like before, but instead, i'm going to count from 1 to 10. and when i reach 10...
Good_Puppy_Clicker_Training_fb126729_seg0229|you're going to be full of energy, you're going to be wide awake, and you're going to be feeling good, like you've really enjoyed this. And you understand that, don't you puppy?|you're going to be full of energy, you're going to be wide awake, and you're going to be feeling good, like you've really enjoyed this. and you understand that, don't you puppy?
Good_Puppy_Clicker_Training_fb126729_seg0230|relaxed and feeling so nice in this empty head space where there's nothing going on inside your mind.|relaxed and feeling so nice in this empty head space where there's nothing going on inside your mind.
Good_Puppy_Clicker_Training_fb126729_seg0231|You take another step up the staircase with four.|you take another step up the staircase with four.
Good_Puppy_Clicker_Training_fb126729_seg0232|feeling that wakefulness start to return a little bit. Maybe you want to stretch out your limbs with five.|feeling that wakefulness start to return a little bit. maybe you want to stretch out your limbs with five.
Good_Puppy_Clicker_Training_fb126729_seg0233|You can feel those thoughts start to return a little bit knowing that you're already halfway there.|you can feel those thoughts start to return a little bit knowing that you're already halfway there.
Good_Puppy_Clicker_Training_fb126729_seg0234|With six, you may even start to have some new thoughts and...|with six, you may even start to have some new thoughts and...
Good_Puppy_Clicker_Training_fb126729_seg0235|You may start to stretch a little bit more. Oh, big stretch. Very good, my good puppy. With seven.|you may start to stretch a little bit more. oh, big stretch. very good, my good puppy. with seven.
Good_Puppy_Clicker_Training_fb126729_seg0236|You feel your mind start to wake up a lot more and you feel a lot more alert and awake.|you feel your mind start to wake up a lot more and you feel a lot more alert and awake.
Good_Puppy_Clicker_Training_fb126729_seg0237|with eight you know you're nearly there you're almost completely awake and you're just waiting for my command with nine one more step|with eight you know you're nearly there you're almost completely awake and you're just waiting for my command with nine one more step
Good_Puppy_Clicker_Training_fb126729_seg0238|And then with 10, you are up, up, up, wide awake, up.|and then with 10, you are up, up, up, wide awake, up.
Good_Puppy_Clicker_Training_fb126729_seg0239|And he can stretch it out. Hello, my good puppy.|and he can stretch it out. hello, my good puppy.
Good_Puppy_Clicker_Training_fb126729_seg0240|Let me just stick with you for a moment and tell you that I'm very, very proud of you.|let me just stick with you for a moment and tell you that i'm very, very proud of you.
Good_Puppy_Clicker_Training_fb126729_seg0241|and that I really, really enjoyed this improv. I've been practicing with some playmates that don't know me as soft.|and that i really, really enjoyed this improv. i've been practicing with some playmates that don't know me as soft.
Good_Puppy_Clicker_Training_fb126729_seg0242|because I wanted to get more comfortable with my hypnosis as a whole. I've been enjoying practicing hypnosis with people.|because i wanted to get more comfortable with my hypnosis as a whole. i've been enjoying practicing hypnosis with people.
Good_Puppy_Clicker_Training_fb126729_seg0243|so I can bring it back and share what I'm good at with you. And maybe that'll give me stronger files overall.|so i can bring it back and share what i'm good at with you. and maybe that'll give me stronger files overall.
Good_Puppy_Clicker_Training_fb126729_seg0244|I've been having a little bit of discipline problems with writing files and stuff like that.|i've been having a little bit of discipline problems with writing files and stuff like that.
Good_Puppy_Clicker_Training_fb126729_seg0245|I don't want to force myself to write a new file if I don't think it's going to be good.|i don't want to force myself to write a new file if i don't think it's going to be good.
Good_Puppy_Clicker_Training_fb126729_seg0246|a file that was coming up, and don't worry, my Patreon puppies, it's still in the works, but it's just like...|a file that was coming up, and don't worry, my patreon puppies, it's still in the works, but it's just like...
Good_Puppy_Clicker_Training_fb126729_seg0247|I'm not going to write it with a bunch of filler stuff. That's going to make it lame, right? But like, I want, you know, I want it to be cool or whatever. But.|i'm not going to write it with a bunch of filler stuff. that's going to make it lame, right? but like, i want, you know, i want it to be cool or whatever. but.
Good_Puppy_Clicker_Training_fb126729_seg0248|Yeah, I'm still here. I'm still doing a bunch of stuff. There's like...|yeah, i'm still here. i'm still doing a bunch of stuff. there's like...
Good_Puppy_Clicker_Training_fb126729_seg0249|stuff in the Twitter world that has been consuming a lot of my waking hours when I'm not trying to goof off.|stuff in the twitter world that has been consuming a lot of my waking hours when i'm not trying to goof off.
Good_Puppy_Clicker_Training_fb126729_seg0250|And I've been really enjoying it. I've been enjoying myself.|and i've been really enjoying it. i've been enjoying myself.
Good_Puppy_Clicker_Training_fb126729_seg0251|the cold winter months, it seems, are finally starting to arrive. And|the cold winter months, it seems, are finally starting to arrive. and
Good_Puppy_Clicker_Training_fb126729_seg0252|That time of year is always just so romantic to me and it makes me want to make everything so intimate and personal. So that's why I decided to do an improv.|that time of year is always just so romantic to me and it makes me want to make everything so intimate and personal. so that's why i decided to do an improv.
Good_Puppy_Clicker_Training_fb126729_seg0253|And I really enjoyed it. I enjoyed this, so hopefully this comes out good. Hopefully you like it.|and i really enjoyed it. i enjoyed this, so hopefully this comes out good. hopefully you like it.
Good_Puppy_Clicker_Training_fb126729_seg0254|Um, and I know I've kind of rambled off for a while here, but yeah, I'm still here.|um, and i know i've kind of rambled off for a while here, but yeah, i'm still here.
Good_Puppy_Clicker_Training_fb126729_seg0255|I'm still doing hypno stuff, but I really felt like I was out of practice for a while there, and I wanted to practice it so I could bring more like...|i'm still doing hypno stuff, but i really felt like i was out of practice for a while there, and i wanted to practice it so i could bring more like...
Good_Puppy_Clicker_Training_fb126729_seg0256|passion and intimacy and make it personal so um|passion and intimacy and make it personal so um
Good_Puppy_Clicker_Training_fb126729_seg0257|Thanks for sticking around with me and enjoying my stuff because it means a lot. I know you know that, but like...|thanks for sticking around with me and enjoying my stuff because it means a lot. i know you know that, but like...
Good_Puppy_Clicker_Training_fb126729_seg0258|Um, I hope you have a great day. I hope you have a great night. I hope you have a great afternoon whenever you're listening to this. And, um,|um, i hope you have a great day. i hope you have a great night. i hope you have a great afternoon whenever you're listening to this. and, um,
Good_Puppy_Clicker_Training_fb126729_seg0259|I don't know. Treat yourself, right? Get yourself a little treat. Get yourself like an actual, like a little treat. You know what I mean?|i don't know. treat yourself, right? get yourself a little treat. get yourself like an actual, like a little treat. you know what i mean?
Good_Puppy_Clicker_Training_fb126729_seg0260|Yeah, like I said, I enjoyed this and I hope to hear from you soon.|yeah, like i said, i enjoyed this and i hope to hear from you soon.
